{"data":[{"id":"1001","name":"北京市"},{"id":"1002","name":"天津市"},{"id":"1003","name":"河北省"},{"id":"1004","name":"山西省"},{"id":"1005","name":"内蒙古自治区"},{"id":"1006","name":"辽宁省"},{"id":"1007","name":"吉林省"},{"id":"1008","name":"黑龙江省"},{"id":"1009","name":"上海市"},{"id":"1010","name":"江苏省"},{"id":"1011","name":"浙江省"},{"id":"1012","name":"安徽省"},{"id":"1013","name":"福建省"},{"id":"1014","name":"江西省"},{"id":"1015","name":"山东省"},{"id":"1016","name":"河南省"},{"id":"1017","name":"湖北省"},{"id":"1018","name":"湖南省"},{"id":"1019","name":"广东省"},{"id":"1020","name":"海南省"},{"id":"1021","name":"广西壮族自治区"},{"id":"1022","name":"甘肃省"},{"id":"1023","name":"陕西省"},{"id":"1024","name":"新疆维吾尔自治区"},{"id":"1025","name":"青海省"},{"id":"1026","name":"宁夏回族自治区"},{"id":"1027","name":"重庆市"},{"id":"1028","name":"四川省"},{"id":"1029","name":"贵州省"},{"id":"1030","name":"云南省"},{"id":"1031","name":"西藏自治区"},{"id":"1032","name":"台湾省"},{"id":"1033","name":"澳门特别行政区"},{"id":"1034","name":"香港特别行政区"}]}
