<?xml version="1.0" encoding="UTF-8"?>
<!DOCTYPE plist PUBLIC "-//Apple//DTD PLIST 1.0//EN" "http://www.apple.com/DTDs/PropertyList-1.0.dtd">
<plist version="1.0">
<dict>
<!-- 资源更新文字介绍 -->

<!-- 用户随机名字 -->
<key>name_0</key>
<string>小萝卜</string>
<key>name_1</key>
<string>大西瓜</string>
<key>name_2</key>
<string>水桶</string>
<key>name_3</key>
<string>笨蛋</string>
<key>name_4</key>
<string>水花</string>
<key>name_5</key>
<string>我的小心肝</string>
<key>name_6</key>
<string>不要理我</string>
<key>name_7</key>
<string>头大大</string>
<key>name_8</key>
<string>来给你吃</string>
<key>name_9</key>
<string>来咬我呀</string>
<key>name_10</key>
<string>水浒球球</string>

<key>1</key>
<string>永久</string>
<key>2</key>
<string>15分钟获得第二名</string>
<key>3</key>
<string>正在游戏</string>
<key>4</key>
<string>吃我8次</string>
<key>5</key>
<string>%ld月前</string>
<key>6</key>
<string>%ld天前</string>
<key>7</key>
<string>%ld小时前</string>
<key>8</key>
<string>%ld分钟前</string>
<key>9</key>
<string>%ld秒前</string>
<key>10</key>
<string>%lld毫克</string>
<key>11</key>
<string>%lld克</string>
<key>12</key>
<string>%lld千克</string>
<key>13</key>
<string>%lld吨</string>
<key>14</key>
<string>%lld万吨</string>
<key>15</key>
<string>%lld亿吨</string>
<key>16</key>
<string>%lld万亿吨</string>
<key>17</key>
<string>%d分%d秒</string>
<key>18</key>
<string>%d秒</string>
<key>19</key>
<string>这个家伙很懒，什么都没有留下</string>
<key>20</key>
<string>关注</string>
<key>21</key>
<string>粉丝</string>
<key>22</key>
<string>未获得</string>
<key>23</key>
<string>获得途径：</string>
<key>24</key>
<string>切换省市</string>
<key>25</key>
<string>还没有人喜欢我呢</string>
<key>26</key>
<string>空荡荡的照片板，好像少了点什么呢</string>
<key>27</key>
<string>未上传照片</string>
<key>28</key>
<string>游戏数据</string>
<key>29</key>
<string>进化等级:%d</string>
<key>30</key>
<string>铜钱:%d</string>
<key>31</key>
<string>段位:</string>
<key>32</key>
<string>总MVP数:%d</string>
<key>33</key>
<string>总冠军数:%d</string>
<key>34</key>
<string>总吞噬人数:%d</string>
<key>35</key>
<string>总吞噬数:%d</string>
<key>36</key>
<string>最大体重:%lld毫克</string>
<key>37</key>
<string>最大体重:%lld克</string>
<key>38</key>
<string>最大体重:%lld千克</string>
<key>39</key>
<string>最大体重:%lld吨</string>
<key>40</key>
<string>最大体重:%lld万吨</string>
<key>41</key>
<string>最大体重:%lld亿吨</string>
<key>42</key>
<string>最大体重:%lld万亿吨</string>
<key>43</key>
<string>个人荣誉</string>
<key>44</key>
<string>比赛记录</string>
<key>45</key>
<string>第%d赛季</string>
<key>46</key>
<string>排名:%d</string>
<key>47</key>
<string>未上榜</string>
<key>48</key>
<string>留言（%d）</string>
<key>49</key>
<string>发表留言</string>
<key>50</key>
<string>上海榜</string>
<key>51</key>
<string>总榜</string>
<key>52</key>
<string>历史最高</string>
<key>53</key>
<string>日排行</string>
<key>54</key>
<string>周排行</string>
<key>55</key>
<string>总排行</string>
<key>56</key>
<string>已装备</string>
<key>57</key>
<string>已拥有</string>
<key>58</key>
<string>使用时间：%s</string>
<key>59</key>
<string>合成神兽</string>
<key>60</key>
<string>拥有宝箱：%d</string>
<key>61</key>
<string>试试手气</string>
<key>62</key>
<string>您没有足够的宝箱</string>
<key>63</key>
<string>如何获得元宝</string>
<key>64</key>
<string>分享您的专属二维码、邀请链接或成绩可以获得元宝，具体规则：</string>
<key>65</key>
<string>1、其他人每次点击，您获得一个元宝，每日最多5个，每周封顶20个</string>
<key>66</key>
<string>2、邀请新玩家通过您的链接下载并玩一段时间游戏，您获得10个元宝，无上限</string>
<key>67</key>
<string>今日获得：</string>
<key>68</key>
<string>累计获得：</string>
<key>69</key>
<string>体重：%lld 毫克</string>
<key>70</key>
<string>体重：%lld 克</string>
<key>71</key>
<string>体重：%lld 千克</string>
<key>72</key>
<string>体重：%lld 吨</string>
<key>73</key>
<string>体重：%lld 万吨</string>
<key>74</key>
<string>体重：%lld 亿吨</string>
<key>75</key>
<string>体重：%lld 万亿吨</string>
<key>76</key>
<string>排行榜</string>
<key>77</key>
<string>您被%s吃掉了</string>
<key>78</key>
<string>购买成功</string>
<key>79</key>
<string>使用成功</string>
<key>80</key>
<string>添加成功</string>
<key>81</key>
<string>领取成功</string>
<key>82</key>
<string>上传照片成功</string>
<key>83</key>
<string>今日签到成功</string>
<key>84</key>
<string>战斗服找不到</string>
<key>85</key>
<string>重新进入战斗失败，需要重新正常进战斗</string>
<key>86</key>
<string>退出战斗出现错误</string>
<key>87</key>
<string>木宝箱</string>
<key>88</key>
<string>豪华宝箱</string>
<key>89</key>
<string>入场劵</string>
<key>90</key>
<string>玩家\"%s\"同意了您的好友请求</string>
<key>91</key>
<string>玩家\"%s\"拒绝了您的好友请求</string>
<key>92</key>
<string>排名</string>
<key>93</key>
<string>用户名</string>
<key>94</key>
<string>国家或地区</string>
<key>95</key>
<string>本轮体重</string>
<key>96</key>
<string>吞噬人数</string>
<key>97</key>
<string>吞噬人数</string>
<key>98</key>
<string>推荐原因</string>
<key>99</key>
<string>已关注</string>
<key>100</key>
<string>＋关注</string>
<key>101</key>
<string>果脯之恩</string>
<key>102</key>
<string>天赐良缘</string>
<key>103</key>
<string>技艺切磋</string>
<key>104</key>
<string>生死之敌</string>
<key>105</key>
<string>大神邀请</string>
<key>106</key>
<string>比赛异常终止</string>
<key>107</key>
<string>检测到您有一场比赛正在进行，是否</string>
<key>108</key>
<string>恢复比赛？</string>
<key>109</key>
<string>本局将消耗：入场券</string>
<key>110</key>
<string>您的入场券不足！</string>
<key>111</key>
<string>您的希望消耗的入场券数量有误</string>
<key>112</key>
<string>兑换入场券</string>
<key>113</key>
<string>元宝：</string>
<key>114</key>
<string>入场券：</string>
<key>115</key>
<string>%d张入场券</string>
<key>116</key>
<string>今日可兑换：%d/1</string>
<key>117</key>
<string>免费领取</string>
<key>118</key>
<string>点这里输入玩家用户名添加好友</string>
<key>119</key>
<string>扫一扫上面的二维码，加我好友</string>
<key>120</key>
<string>音乐音效:</string>
<key>121</key>
<string>游戏音乐</string>
<key>122</key>
<string>游戏音效</string>
<key>123</key>
<string>按钮设置:</string>
<key>124</key>
<string>长按孢子键连续喷射孢子</string>
<key>125</key>
<string>用户名:</string>
<key>126</key>
<string>密   码:</string>
<key>127</key>
<string>确认密码:</string>
<key>128</key>
<string>性   别:</string>
<key>129</key>
<string>男</string>
<key>130</key>
<string>女</string>
<key>131</key>
<string>性别:</string>
<key>132</key>
<string>地区:</string>
<key>133</key>
<string>请输入用户名</string>
<key>134</key>
<string>用户名长度小于8请重新输入</string>
<key>135</key>
<string>账号只能由字母和数字组成</string>
<key>136</key>
<string>请输入密码</string>
<key>137</key>
<string>密码长度小于8请重新输入</string>
<key>138</key>
<string>密码只能由字母和数字组成</string>
<key>139</key>
<string>您输入的密码不一致</string>
<key>140</key>
<string>注册成功</string>
<key>141</key>
<string>今天</string>
<key>142</key>
<string>江湖地位</string>
<key>143</key>
<string>状态</string>
<key>144</key>
<string>全选</string>


</dict>
</plist>
